{
  "0": {
    "name": "overworld",
    "distance": 0,
    "groups": [
      "netherOv"
    ],
    "milkyWayOrigins": {}
  },
  "-1": {
    "name": "the_nether",
    "distance": 5,
    "groups": [
      "netherOv"
    ],
    "milkyWayOrigins": {
      "NORMAL": 2
    }
  },
  "1": {
    "name": "the_end",
    "distance": 10,
    "groups": [],
    "milkyWayOrigins": {
      "NORMAL": 1
    }
  },
  "7": {
    "name": "twilight_forest",
    "distance": 0,
    "groups": [],
    "milkyWayOrigins": {}
  },
  "-11": {
    "name": "Storage Cell",
    "distance": 0,
    "groups": [],
    "milkyWayOrigins": {}
  },
  "-2542": {
    "name": "planet.diona",
    "distance": 0,
    "groups": [],
    "milkyWayOrigins": {}
  },
  "-2543": {
    "name": "planet.chalos",
    "distance": 0,
    "groups": [],
    "milkyWayOrigins": {}
  },
  "14": {
    "name": "space",
    "distance": 0,
    "groups": [],
    "milkyWayOrigins": {}
  },
  "15": {
    "name": "hyperspace",
    "distance": 0,
    "groups": [],
    "milkyWayOrigins": {}
  },
  "-2544": {
    "name": "planet.nibiru",
    "distance": 0,
    "groups": [],
    "milkyWayOrigins": {}
  },
  "-2545": {
    "name": "planet.fronos",
    "distance": 0,
    "groups": [],
    "milkyWayOrigins": {}
  },
  "-2642": {
    "name": "moon.koentus",
    "distance": 0,
    "groups": [],
    "milkyWayOrigins": {}
  },
  "-28": {
    "name": "moon.moon",
    "distance": 15,
    "groups": [],
    "milkyWayOrigins": {}
  },
  "-29": {
    "name": "planet.mars",
    "distance": 40,
    "groups": [],
    "milkyWayOrigins": {
      "NORMAL": 4
    }
  },
  "-30": {
    "name": "planet.asteroids",
    "distance": 63,
    "groups": [],
    "milkyWayOrigins": {}
  },
  "-31": {
    "name": "planet.venus",
    "distance": 37,
    "groups": [],
    "milkyWayOrigins": {
      "NORMAL": 4
    }
  }
}