{
  "icbmclassic:anvil": 5,
  "icbmclassic:incendiary": 2,
  "icbmclassic:redmatter": 23,
  "icbmclassic:fragmentation": 8,
  "icbmclassic:breaching": 11,
  "icbmclassic:thermobaric": 13,
  "icbmclassic:ender": 20,
  "icbmclassic:emp": 16,
  "icbmclassic:mutation": 24,
  "icbmclassic:colors": 12,
  "icbmclassic:debilitation": 3,
  "icbmclassic:chemical": 4,
  "icbmclassic:smoke": 14,
  "icbmclassic:repulsive": 6,
  "icbmclassic:attractive": 7,
  "icbmclassic:sonic": 10,
  "icbmclassic:antimatter": 22,
  "icbmclassic:exothermic": 17,
  "icbmclassic:shrapnel": 1,
  "icbmclassic:missile": 24,
  "icbmclassic:endothermic": 18,
  "icbmclassic:contagious": 9,
  "icbmclassic:nuclear": 15,
  "icbmclassic:condensed": 0,
  "icbmclassic:antigravitational": 19,
  "icbmclassic:rot": 25,
  "icbmclassic:hypersonic": 21
}