{
  "Ancient Assembler": {
    "jsg:transportrings_ori_block": true,
    "jsg:transportrings_goauld_block": true,
    "jsg:destiny_bearing_block": true,
    "jsg:stargate_milkyway_base_block": true,
    "jsg:transportrings_controller_goauld_block": true,
    "jsg:stargate_universe_base_block": true,
    "jsg:stargate_universe_member_block": true,
    "jsg:stargate_milkyway_member_block": true,
    "jsg:transportrings_ancient_block": true,
    "jsg:destiny_vent_block": true,
    "jsg:stargate_pegasus_base_block": true,
    "jsg:destiny_chevron_block": true,
    "jsg:stargate_pegasus_member_block": true,
    "jsg:dhd_pegasus_block": true,
    "jsg:dhd_block": true,
    "jsg:destiny_countdown_block": true
  },
  "PCB Fabricator": {
    "jsg:circuit_control_crystal": true,
    "jsg:crystal_control_pegasus_dhd": true,
    "jsg:crystal_glyph_dhd": true,
    "jsg:crystal_upgrade_efficiency": true,
    "jsg:crystal_glyph_stargate": true,
    "jsg:crystal_glyph_ori": true,
    "jsg:crystal_upgrade_capacity": true,
    "jsg:crystal_glyph_pegasus": true,
    "jsg:crystal_glyph_ancient": true,
    "jsg:crystal_glyph_universe": true,
    "jsg:crystal_glyph_goauld": true,
    "jsg:crystal_glyph_milkyway": true,
    "jsg:circuit_control_naquadah": true
  },
  "Crystal Chamber": {
    "jsg:crystal_blue_pegasus": true,
    "jsg:crystal_red": true,
    "jsg:crystal_white": true,
    "jsg:crystal_blue": true,
    "jsg:crystal_ender": true,
    "jsg:crystal_yellow": true
  },
  "Ore Washing Machine": {
    "jsg:titanium_purified": true,
    "jsg:naquadah_purified": true,
    "jsg:trinium_raw": true,
    "jsg:naquadah_raw": true,
    "jsg:titanium_raw": true,
    "jsg:trinium_purified": true
  }
}