{
  "otherStructures": {
    "naquadah_mine": {
      "enabled": true,
      "chanceToSpawn": 5.0E-4
    },
    "ancient_totem": {
      "enabled": true,
      "chanceToSpawn": 8.0E-5
    }
  },
  "ringsStructures": {
    "tr_tokra": {
      "enabled": true,
      "chanceToSpawn": 5.0E-4
    }
  },
  "stargateStructures": {
    "sg_mossy_milkyway": {
      "enabled": true,
      "chanceToSpawn": 1.0E-4
    },
    "sg_frosty_milkyway": {
      "enabled": true,
      "chanceToSpawn": 1.0E-4
    },
    "sg_frosty_pegasus": {
      "enabled": true,
      "chanceToSpawn": 1.0E-4
    },
    "sg_nether_milkyway": {
      "enabled": false,
      "chanceToSpawn": 0.0
    },
    "sg_desert_milkyway": {
      "enabled": true,
      "chanceToSpawn": 1.0E-4
    },
    "sg_mossy_pegasus": {
      "enabled": true,
      "chanceToSpawn": 1.0E-4
    },
    "sg_plains_pegasus": {
      "enabled": true,
      "chanceToSpawn": 1.0E-4
    },
    "sg_desert_pegasus": {
      "enabled": true,
      "chanceToSpawn": 1.0E-4
    },
    "sg_end_universe": {
      "enabled": true,
      "chanceToSpawn": 7.0E-5
    },
    "sg_plains_milkyway": {
      "enabled": true,
      "chanceToSpawn": 1.0E-4
    }
  }
}