{
  "otherStructures": {
    "naquadah_mine": {
      "enabled": true,
      "chanceToSpawn": 1.0
    },
    "ancient_totem": {
      "enabled": true,
      "chanceToSpawn": 1.0
    }
  },
  "ringsStructures": {
    "tr_tokra": {
      "enabled": true,
      "chanceToSpawn": 1.0
    }
  },
  "stargateStructures": {
    "sg_mossy_milkyway": {
      "enabled": true,
      "chanceToSpawn": 1.0
    },
    "sg_frosty_milkyway": {
      "enabled": true,
      "chanceToSpawn": 1.0
    },
    "sg_frosty_pegasus": {
      "enabled": true,
      "chanceToSpawn": 1.0
    },
    "sg_nether_milkyway": {
      "enabled": false,
      "chanceToSpawn": 1.0
    },
    "sg_desert_milkyway": {
      "enabled": true,
      "chanceToSpawn": 1.0
    },
    "sg_mossy_pegasus": {
      "enabled": true,
      "chanceToSpawn": 1.0
    },
    "sg_plains_pegasus": {
      "enabled": true,
      "chanceToSpawn": 1.0
    },
    "sg_desert_pegasus": {
      "enabled": true,
      "chanceToSpawn": 1.0
    },
    "sg_end_universe": {
      "enabled": true,
      "chanceToSpawn": 1.0
    },
    "sg_plains_milkyway": {
      "enabled": true,
      "chanceToSpawn": 1.0
    }
  }
}