{
  "0": {
    "name": "overworld",
    "distance": 0,
    "groups": [
      "netherOv"
    ],
    "milkyWayOrigins": {}
  },
  "-1": {
    "name": "the_nether",
    "distance": 5,
    "groups": [
      "netherOv"
    ],
    "milkyWayOrigins": {
      "NORMAL": 2
    }
  },
  "1": {
    "name": "the_end",
    "distance": 10,
    "groups": [],
    "milkyWayOrigins": {
      "NORMAL": 1
    }
  },
  "-2": {
    "name": "space",
    "distance": -10,
    "groups": [],
    "milkyWayOrigins": {}
  },
  "2": {
    "name": "Storage Cell",
    "distance": 10,
    "groups": [],
    "milkyWayOrigins": {}
  },
  "3": {
    "name": "planet",
    "distance": 15,
    "groups": [],
    "milkyWayOrigins": {}
  },
  "-6": {
    "name": "MINING_WORLD",
    "distance": -30,
    "groups": [],
    "milkyWayOrigins": {}
  },
  "5": {
    "name": "planet",
    "distance": 25,
    "groups": [],
    "milkyWayOrigins": {}
  },
  "6": {
    "name": "planet",
    "distance": 30,
    "groups": [],
    "milkyWayOrigins": {}
  },
  "7": {
    "name": "twilight_forest",
    "distance": 35,
    "groups": [],
    "milkyWayOrigins": {}
  },
  "8": {
    "name": "planet",
    "distance": 40,
    "groups": [],
    "milkyWayOrigins": {}
  },
  "9": {
    "name": "planet",
    "distance": 45,
    "groups": [],
    "milkyWayOrigins": {}
  },
  "10": {
    "name": "planet",
    "distance": 50,
    "groups": [],
    "milkyWayOrigins": {}
  },
  "11": {
    "name": "planet",
    "distance": 55,
    "groups": [],
    "milkyWayOrigins": {}
  },
  "12": {
    "name": "planet",
    "distance": 60,
    "groups": [],
    "milkyWayOrigins": {}
  },
  "13": {
    "name": "planet",
    "distance": 65,
    "groups": [],
    "milkyWayOrigins": {}
  },
  "14": {
    "name": "planet",
    "distance": 70,
    "groups": [],
    "milkyWayOrigins": {}
  },
  "15": {
    "name": "planet",
    "distance": 75,
    "groups": [],
    "milkyWayOrigins": {}
  },
  "16": {
    "name": "planet",
    "distance": 80,
    "groups": [],
    "milkyWayOrigins": {}
  },
  "17": {
    "name": "planet",
    "distance": 85,
    "groups": [],
    "milkyWayOrigins": {}
  },
  "18": {
    "name": "planet",
    "distance": 90,
    "groups": [],
    "milkyWayOrigins": {}
  },
  "19": {
    "name": "planet",
    "distance": 95,
    "groups": [],
    "milkyWayOrigins": {}
  },
  "20": {
    "name": "planet",
    "distance": 100,
    "groups": [],
    "milkyWayOrigins": {}
  },
  "21": {
    "name": "planet",
    "distance": 105,
    "groups": [],
    "milkyWayOrigins": {}
  },
  "22": {
    "name": "planet",
    "distance": 110,
    "groups": [],
    "milkyWayOrigins": {}
  },
  "23": {
    "name": "planet",
    "distance": 115,
    "groups": [],
    "milkyWayOrigins": {}
  },
  "24": {
    "name": "planet",
    "distance": 120,
    "groups": [],
    "milkyWayOrigins": {}
  },
  "25": {
    "name": "planet",
    "distance": 125,
    "groups": [],
    "milkyWayOrigins": {}
  },
  "26": {
    "name": "planet",
    "distance": 130,
    "groups": [],
    "milkyWayOrigins": {}
  },
  "-28": {
    "name": "moon.moon",
    "distance": 15,
    "groups": [],
    "milkyWayOrigins": {}
  },
  "27": {
    "name": "planet",
    "distance": 135,
    "groups": [],
    "milkyWayOrigins": {}
  },
  "28": {
    "name": "planet",
    "distance": 140,
    "groups": [],
    "milkyWayOrigins": {}
  },
  "-29": {
    "name": "planet.mars",
    "distance": 40,
    "groups": [],
    "milkyWayOrigins": {
      "NORMAL": 4
    }
  },
  "-30": {
    "name": "planet.asteroids",
    "distance": 63,
    "groups": [],
    "milkyWayOrigins": {}
  },
  "29": {
    "name": "planet",
    "distance": 145,
    "groups": [],
    "milkyWayOrigins": {}
  },
  "-31": {
    "name": "planet.venus",
    "distance": 37,
    "groups": [],
    "milkyWayOrigins": {
      "NORMAL": 4
    }
  },
  "30": {
    "name": "planet",
    "distance": 150,
    "groups": [],
    "milkyWayOrigins": {}
  },
  "31": {
    "name": "planet",
    "distance": 155,
    "groups": [],
    "milkyWayOrigins": {}
  },
  "32": {
    "name": "planet",
    "distance": 160,
    "groups": [],
    "milkyWayOrigins": {}
  },
  "33": {
    "name": "planet",
    "distance": 165,
    "groups": [],
    "milkyWayOrigins": {}
  },
  "34": {
    "name": "planet",
    "distance": 170,
    "groups": [],
    "milkyWayOrigins": {}
  },
  "35": {
    "name": "planet",
    "distance": 175,
    "groups": [],
    "milkyWayOrigins": {}
  },
  "36": {
    "name": "planet",
    "distance": 180,
    "groups": [],
    "milkyWayOrigins": {}
  },
  "37": {
    "name": "planet",
    "distance": 185,
    "groups": [],
    "milkyWayOrigins": {}
  },
  "38": {
    "name": "planet",
    "distance": 190,
    "groups": [],
    "milkyWayOrigins": {}
  },
  "39": {
    "name": "planet",
    "distance": 195,
    "groups": [],
    "milkyWayOrigins": {}
  },
  "40": {
    "name": "planet",
    "distance": 200,
    "groups": [],
    "milkyWayOrigins": {}
  },
  "41": {
    "name": "planet",
    "distance": 205,
    "groups": [],
    "milkyWayOrigins": {}
  },
  "42": {
    "name": "planet",
    "distance": 210,
    "groups": [],
    "milkyWayOrigins": {}
  },
  "43": {
    "name": "planet",
    "distance": 215,
    "groups": [],
    "milkyWayOrigins": {}
  },
  "44": {
    "name": "planet",
    "distance": 220,
    "groups": [],
    "milkyWayOrigins": {}
  },
  "45": {
    "name": "planet",
    "distance": 225,
    "groups": [],
    "milkyWayOrigins": {}
  },
  "46": {
    "name": "planet",
    "distance": 230,
    "groups": [],
    "milkyWayOrigins": {}
  },
  "47": {
    "name": "planet",
    "distance": 235,
    "groups": [],
    "milkyWayOrigins": {}
  },
  "48": {
    "name": "planet",
    "distance": 240,
    "groups": [],
    "milkyWayOrigins": {}
  },
  "49": {
    "name": "planet",
    "distance": 245,
    "groups": [],
    "milkyWayOrigins": {}
  },
  "50": {
    "name": "planet",
    "distance": 250,
    "groups": [],
    "milkyWayOrigins": {}
  },
  "51": {
    "name": "planet",
    "distance": 255,
    "groups": [],
    "milkyWayOrigins": {}
  },
  "52": {
    "name": "planet",
    "distance": 260,
    "groups": [],
    "milkyWayOrigins": {}
  },
  "53": {
    "name": "planet",
    "distance": 265,
    "groups": [],
    "milkyWayOrigins": {}
  },
  "54": {
    "name": "planet",
    "distance": 270,
    "groups": [],
    "milkyWayOrigins": {}
  },
  "55": {
    "name": "planet",
    "distance": 275,
    "groups": [],
    "milkyWayOrigins": {}
  },
  "56": {
    "name": "planet",
    "distance": 280,
    "groups": [],
    "milkyWayOrigins": {}
  },
  "57": {
    "name": "planet",
    "distance": 285,
    "groups": [],
    "milkyWayOrigins": {}
  },
  "58": {
    "name": "planet",
    "distance": 290,
    "groups": [],
    "milkyWayOrigins": {}
  },
  "59": {
    "name": "planet",
    "distance": 295,
    "groups": [],
    "milkyWayOrigins": {}
  },
  "60": {
    "name": "planet",
    "distance": 300,
    "groups": [],
    "milkyWayOrigins": {}
  },
  "61": {
    "name": "planet",
    "distance": 305,
    "groups": [],
    "milkyWayOrigins": {}
  },
  "62": {
    "name": "planet",
    "distance": 310,
    "groups": [],
    "milkyWayOrigins": {}
  },
  "63": {
    "name": "planet",
    "distance": 315,
    "groups": [],
    "milkyWayOrigins": {}
  },
  "64": {
    "name": "planet",
    "distance": 320,
    "groups": [],
    "milkyWayOrigins": {}
  },
  "65": {
    "name": "planet",
    "distance": 325,
    "groups": [],
    "milkyWayOrigins": {}
  },
  "66": {
    "name": "planet",
    "distance": 330,
    "groups": [],
    "milkyWayOrigins": {}
  },
  "67": {
    "name": "planet",
    "distance": 335,
    "groups": [],
    "milkyWayOrigins": {}
  },
  "68": {
    "name": "planet",
    "distance": 340,
    "groups": [],
    "milkyWayOrigins": {}
  },
  "69": {
    "name": "planet",
    "distance": 345,
    "groups": [],
    "milkyWayOrigins": {}
  },
  "70": {
    "name": "planet",
    "distance": 350,
    "groups": [],
    "milkyWayOrigins": {}
  },
  "71": {
    "name": "planet",
    "distance": 355,
    "groups": [],
    "milkyWayOrigins": {}
  },
  "72": {
    "name": "planet",
    "distance": 360,
    "groups": [],
    "milkyWayOrigins": {}
  },
  "73": {
    "name": "planet",
    "distance": 365,
    "groups": [],
    "milkyWayOrigins": {}
  },
  "74": {
    "name": "planet",
    "distance": 370,
    "groups": [],
    "milkyWayOrigins": {}
  },
  "75": {
    "name": "planet",
    "distance": 375,
    "groups": [],
    "milkyWayOrigins": {}
  },
  "76": {
    "name": "planet",
    "distance": 380,
    "groups": [],
    "milkyWayOrigins": {}
  },
  "77": {
    "name": "planet",
    "distance": 385,
    "groups": [],
    "milkyWayOrigins": {}
  },
  "78": {
    "name": "planet",
    "distance": 390,
    "groups": [],
    "milkyWayOrigins": {}
  },
  "79": {
    "name": "planet",
    "distance": 395,
    "groups": [],
    "milkyWayOrigins": {}
  },
  "80": {
    "name": "planet",
    "distance": 400,
    "groups": [],
    "milkyWayOrigins": {}
  },
  "-2642": {
    "name": "moon.koentus",
    "distance": -13210,
    "groups": [],
    "milkyWayOrigins": {}
  },
  "81": {
    "name": "planet",
    "distance": 405,
    "groups": [],
    "milkyWayOrigins": {}
  },
  "82": {
    "name": "planet",
    "distance": 410,
    "groups": [],
    "milkyWayOrigins": {}
  },
  "83": {
    "name": "planet",
    "distance": 415,
    "groups": [],
    "milkyWayOrigins": {}
  },
  "84": {
    "name": "planet",
    "distance": 420,
    "groups": [],
    "milkyWayOrigins": {}
  },
  "85": {
    "name": "planet",
    "distance": 425,
    "groups": [],
    "milkyWayOrigins": {}
  },
  "86": {
    "name": "planet",
    "distance": 430,
    "groups": [],
    "milkyWayOrigins": {}
  },
  "87": {
    "name": "planet",
    "distance": 435,
    "groups": [],
    "milkyWayOrigins": {}
  },
  "88": {
    "name": "planet",
    "distance": 440,
    "groups": [],
    "milkyWayOrigins": {}
  },
  "89": {
    "name": "planet",
    "distance": 445,
    "groups": [],
    "milkyWayOrigins": {}
  },
  "90": {
    "name": "planet",
    "distance": 450,
    "groups": [],
    "milkyWayOrigins": {}
  },
  "91": {
    "name": "planet",
    "distance": 455,
    "groups": [],
    "milkyWayOrigins": {}
  },
  "92": {
    "name": "planet",
    "distance": 460,
    "groups": [],
    "milkyWayOrigins": {}
  },
  "93": {
    "name": "planet",
    "distance": 465,
    "groups": [],
    "milkyWayOrigins": {}
  },
  "94": {
    "name": "planet",
    "distance": 470,
    "groups": [],
    "milkyWayOrigins": {}
  },
  "95": {
    "name": "planet",
    "distance": 475,
    "groups": [],
    "milkyWayOrigins": {}
  },
  "96": {
    "name": "planet",
    "distance": 480,
    "groups": [],
    "milkyWayOrigins": {}
  },
  "97": {
    "name": "planet",
    "distance": 485,
    "groups": [],
    "milkyWayOrigins": {}
  },
  "98": {
    "name": "planet",
    "distance": 490,
    "groups": [],
    "milkyWayOrigins": {}
  },
  "-100": {
    "name": "hyperspace",
    "distance": -500,
    "groups": [],
    "milkyWayOrigins": {}
  },
  "99": {
    "name": "planet",
    "distance": 495,
    "groups": [],
    "milkyWayOrigins": {}
  },
  "100": {
    "name": "planet",
    "distance": 500,
    "groups": [],
    "milkyWayOrigins": {}
  },
  "-101": {
    "name": "space",
    "distance": -505,
    "groups": [],
    "milkyWayOrigins": {}
  },
  "101": {
    "name": "planet",
    "distance": 505,
    "groups": [],
    "milkyWayOrigins": {}
  },
  "102": {
    "name": "planet",
    "distance": 510,
    "groups": [],
    "milkyWayOrigins": {}
  },
  "103": {
    "name": "planet",
    "distance": 515,
    "groups": [],
    "milkyWayOrigins": {}
  },
  "104": {
    "name": "planet",
    "distance": 520,
    "groups": [],
    "milkyWayOrigins": {}
  },
  "105": {
    "name": "planet",
    "distance": 525,
    "groups": [],
    "milkyWayOrigins": {}
  },
  "106": {
    "name": "planet",
    "distance": 530,
    "groups": [],
    "milkyWayOrigins": {}
  },
  "107": {
    "name": "planet",
    "distance": 535,
    "groups": [],
    "milkyWayOrigins": {}
  },
  "108": {
    "name": "planet",
    "distance": 540,
    "groups": [],
    "milkyWayOrigins": {}
  },
  "109": {
    "name": "planet",
    "distance": 545,
    "groups": [],
    "milkyWayOrigins": {}
  },
  "110": {
    "name": "planet",
    "distance": 550,
    "groups": [],
    "milkyWayOrigins": {}
  },
  "111": {
    "name": "planet",
    "distance": 555,
    "groups": [],
    "milkyWayOrigins": {}
  },
  "112": {
    "name": "planet",
    "distance": 560,
    "groups": [],
    "milkyWayOrigins": {}
  },
  "113": {
    "name": "planet",
    "distance": 565,
    "groups": [],
    "milkyWayOrigins": {}
  },
  "114": {
    "name": "planet",
    "distance": 570,
    "groups": [],
    "milkyWayOrigins": {}
  },
  "115": {
    "name": "planet",
    "distance": 575,
    "groups": [],
    "milkyWayOrigins": {}
  },
  "116": {
    "name": "planet",
    "distance": 580,
    "groups": [],
    "milkyWayOrigins": {}
  },
  "117": {
    "name": "planet",
    "distance": 585,
    "groups": [],
    "milkyWayOrigins": {}
  },
  "118": {
    "name": "planet",
    "distance": 590,
    "groups": [],
    "milkyWayOrigins": {}
  },
  "119": {
    "name": "planet",
    "distance": 595,
    "groups": [],
    "milkyWayOrigins": {}
  },
  "120": {
    "name": "planet",
    "distance": 600,
    "groups": [],
    "milkyWayOrigins": {}
  },
  "121": {
    "name": "planet",
    "distance": 605,
    "groups": [],
    "milkyWayOrigins": {}
  },
  "122": {
    "name": "planet",
    "distance": 610,
    "groups": [],
    "milkyWayOrigins": {}
  },
  "123": {
    "name": "planet",
    "distance": 615,
    "groups": [],
    "milkyWayOrigins": {}
  },
  "124": {
    "name": "planet",
    "distance": 620,
    "groups": [],
    "milkyWayOrigins": {}
  },
  "125": {
    "name": "planet",
    "distance": 625,
    "groups": [],
    "milkyWayOrigins": {}
  },
  "126": {
    "name": "planet",
    "distance": 630,
    "groups": [],
    "milkyWayOrigins": {}
  },
  "127": {
    "name": "planet",
    "distance": 635,
    "groups": [],
    "milkyWayOrigins": {}
  },
  "128": {
    "name": "planet",
    "distance": 640,
    "groups": [],
    "milkyWayOrigins": {}
  },
  "129": {
    "name": "planet",
    "distance": 645,
    "groups": [],
    "milkyWayOrigins": {}
  },
  "130": {
    "name": "planet",
    "distance": 650,
    "groups": [],
    "milkyWayOrigins": {}
  },
  "131": {
    "name": "planet",
    "distance": 655,
    "groups": [],
    "milkyWayOrigins": {}
  },
  "132": {
    "name": "planet",
    "distance": 660,
    "groups": [],
    "milkyWayOrigins": {}
  },
  "133": {
    "name": "planet",
    "distance": 665,
    "groups": [],
    "milkyWayOrigins": {}
  },
  "134": {
    "name": "planet",
    "distance": 670,
    "groups": [],
    "milkyWayOrigins": {}
  },
  "135": {
    "name": "planet",
    "distance": 675,
    "groups": [],
    "milkyWayOrigins": {}
  },
  "136": {
    "name": "planet",
    "distance": 680,
    "groups": [],
    "milkyWayOrigins": {}
  },
  "137": {
    "name": "planet",
    "distance": 685,
    "groups": [],
    "milkyWayOrigins": {}
  },
  "138": {
    "name": "planet",
    "distance": 690,
    "groups": [],
    "milkyWayOrigins": {}
  },
  "139": {
    "name": "planet",
    "distance": 695,
    "groups": [],
    "milkyWayOrigins": {}
  },
  "140": {
    "name": "planet",
    "distance": 700,
    "groups": [],
    "milkyWayOrigins": {}
  },
  "141": {
    "name": "planet",
    "distance": 705,
    "groups": [],
    "milkyWayOrigins": {}
  },
  "142": {
    "name": "planet",
    "distance": 710,
    "groups": [],
    "milkyWayOrigins": {}
  },
  "143": {
    "name": "planet",
    "distance": 715,
    "groups": [],
    "milkyWayOrigins": {}
  },
  "144": {
    "name": "planet",
    "distance": 720,
    "groups": [],
    "milkyWayOrigins": {}
  },
  "145": {
    "name": "planet",
    "distance": 725,
    "groups": [],
    "milkyWayOrigins": {}
  },
  "146": {
    "name": "planet",
    "distance": 730,
    "groups": [],
    "milkyWayOrigins": {}
  },
  "147": {
    "name": "planet",
    "distance": 735,
    "groups": [],
    "milkyWayOrigins": {}
  },
  "148": {
    "name": "planet",
    "distance": 740,
    "groups": [],
    "milkyWayOrigins": {}
  },
  "149": {
    "name": "planet",
    "distance": 745,
    "groups": [],
    "milkyWayOrigins": {}
  },
  "150": {
    "name": "planet",
    "distance": 750,
    "groups": [],
    "milkyWayOrigins": {}
  },
  "151": {
    "name": "planet",
    "distance": 755,
    "groups": [],
    "milkyWayOrigins": {}
  },
  "152": {
    "name": "planet",
    "distance": 760,
    "groups": [],
    "milkyWayOrigins": {}
  },
  "153": {
    "name": "planet",
    "distance": 765,
    "groups": [],
    "milkyWayOrigins": {}
  },
  "154": {
    "name": "planet",
    "distance": 770,
    "groups": [],
    "milkyWayOrigins": {}
  },
  "155": {
    "name": "planet",
    "distance": 775,
    "groups": [],
    "milkyWayOrigins": {}
  },
  "156": {
    "name": "planet",
    "distance": 780,
    "groups": [],
    "milkyWayOrigins": {}
  },
  "157": {
    "name": "planet",
    "distance": 785,
    "groups": [],
    "milkyWayOrigins": {}
  },
  "158": {
    "name": "planet",
    "distance": 790,
    "groups": [],
    "milkyWayOrigins": {}
  },
  "159": {
    "name": "planet",
    "distance": 795,
    "groups": [],
    "milkyWayOrigins": {}
  },
  "160": {
    "name": "planet",
    "distance": 800,
    "groups": [],
    "milkyWayOrigins": {}
  },
  "161": {
    "name": "planet",
    "distance": 805,
    "groups": [],
    "milkyWayOrigins": {}
  },
  "162": {
    "name": "planet",
    "distance": 810,
    "groups": [],
    "milkyWayOrigins": {}
  },
  "164": {
    "name": "planet",
    "distance": 820,
    "groups": [],
    "milkyWayOrigins": {}
  },
  "165": {
    "name": "planet",
    "distance": 825,
    "groups": [],
    "milkyWayOrigins": {}
  },
  "166": {
    "name": "planet",
    "distance": 830,
    "groups": [],
    "milkyWayOrigins": {}
  },
  "167": {
    "name": "planet",
    "distance": 835,
    "groups": [],
    "milkyWayOrigins": {}
  },
  "168": {
    "name": "planet",
    "distance": 840,
    "groups": [],
    "milkyWayOrigins": {}
  },
  "169": {
    "name": "planet",
    "distance": 845,
    "groups": [],
    "milkyWayOrigins": {}
  },
  "170": {
    "name": "planet",
    "distance": 850,
    "groups": [],
    "milkyWayOrigins": {}
  },
  "171": {
    "name": "planet",
    "distance": 855,
    "groups": [],
    "milkyWayOrigins": {}
  },
  "684": {
    "name": "limbo",
    "distance": 3420,
    "groups": [],
    "milkyWayOrigins": {}
  },
  "172": {
    "name": "planet",
    "distance": 860,
    "groups": [],
    "milkyWayOrigins": {}
  },
  "685": {
    "name": "private_pockets",
    "distance": 3425,
    "groups": [],
    "milkyWayOrigins": {}
  },
  "686": {
    "name": "public_pockets",
    "distance": 3430,
    "groups": [],
    "milkyWayOrigins": {}
  },
  "687": {
    "name": "dungeon_pockets",
    "distance": 3435,
    "groups": [],
    "milkyWayOrigins": {}
  },
  "688": {
    "name": "dungeon_pockets",
    "distance": 3440,
    "groups": [],
    "milkyWayOrigins": {}
  },
  "-2542": {
    "name": "planet.diona",
    "distance": -12710,
    "groups": [],
    "milkyWayOrigins": {}
  },
  "-2543": {
    "name": "planet.chalos",
    "distance": -12715,
    "groups": [],
    "milkyWayOrigins": {}
  },
  "-2544": {
    "name": "planet.nibiru",
    "distance": -12720,
    "groups": [],
    "milkyWayOrigins": {}
  },
  "-2545": {
    "name": "planet.fronos",
    "distance": -12725,
    "groups": [],
    "milkyWayOrigins": {}
  }
}