{
    "minecraft": {
        "": {}
    },
    "mcp": {
        "": {}
    },
    "FML": {
        "": {}
    },
    "forge": {
        "": {}
    },
    "creativecoredummy": {
        "": {}
    },
    "micdoodlecore": {
        "": {}
    },
    "littletilescore": {
        "": {}
    },
    "mixinbooter": {
        "": {}
    },
    "opencomputers|core": {
        "": {}
    },
    "WarpDriveCore": {
        "": {}
    },
    "techguns_core": {
        "": {}
    },
    "essential": {
        "": {}
    },
    "securitycraft": {
        "": {}
    },
    "jei": {
        "": {}
    },
    "appleskin": {
        "": {}
    },
    "ctm": {
        "": {}
    },
    "appliedenergistics2": {
        "": {}
    },
    "baubles": {
        "": {}
    },
    "bibliocraft": {
        "": {}
    },
    "mclib": {
        "": {}
    },
    "metamorph": {
        "": {}
    },
    "blockbuster": {
        "": {}
    },
    "forgelin": {
        "": {}
    },
    "bountiful": {
        "": {}
    },
    "codechickenlib": {
        "": {}
    },
    "redstoneflux": {
        "": {}
    },
    "brandonscore": {
        "": {}
    },
    "buildcraftlib": {
        "": {}
    },
    "buildcraftcore": {
        "": {}
    },
    "buildcraftbuilders": {
        "": {}
    },
    "buildcrafttransport": {
        "": {}
    },
    "buildcraftsilicon": {
        "": {}
    },
    "buildcraftcompat": {
        "": {}
    },
    "buildcraftenergy": {
        "": {}
    },
    "buildcraftfactory": {
        "": {}
    },
    "buildcraftrobotics": {
        "": {}
    },
    "chisel": {
        "": {}
    },
    "chiselsandbits": {
        "": {}
    },
    "cofhcore": {
        "": {}
    },
    "cofhworld": {
        "": {}
    },
    "controlling": {
        "": {}
    },
    "creativecore": {
        "": {}
    },
    "customnpcs": {
        "": {}
    },
    "ptrmodellib": {
        "": {}
    },
    "props": {
        "": {}
    },
    "thermalfoundation": {
        "": {}
    },
    "draconicevolution": {
        "": {}
    },
    "draconicadditions": {
        "": {}
    },
    "galacticraftcore": {
        "": {}
    },
    "orelib": {
        "": {}
    },
    "dsurround": {
        "": {}
    },
    "dynamictrees": {
        "": {}
    },
    "enderstorage": {
        "": {}
    },
    "forgemultipartcbe": {
        "": {}
    },
    "microblockcbe": {
        "": {}
    },
    "minecraftmultipartcbe": {
        "": {}
    },
    "cfm": {
        "": {}
    },
    "galacticraftplanets": {
        "": {}
    },
    "waila": {
        "": {}
    },
    "ironchest": {
        "": {}
    },
    "jeiintegration": {
        "": {}
    },
    "journeymap": {
        "": {}
    },
    "opencomputers": {
        "": {}
    },
    "mantle": {
        "": {}
    },
    "twilightforest": {
        "": {}
    },
    "tconstruct": {
        "": {}
    },
    "thermalexpansion": {
        "": {}
    },
    "jsg": {
        "": {}
    },
    "kirosblocks": {
        "": {}
    },
    "littletiles": {
        "": {}
    },
    "malisiscore": {
        "": {}
    },
    "malisisdoors": {
        "": {}
    },
    "mekanism": {
        "": {}
    },
    "mekanismgenerators": {
        "": {}
    },
    "mekanismtools": {
        "": {}
    },
    "modnametooltip": {
        "": {}
    },
    "stevekung\u0027s_lib": {
        "": {}
    },
    "moreplanets": {
        "": {}
    },
    "mousetweaks": {
        "": {}
    },
    "mrtjpcore": {
        "": {}
    },
    "openscreens": {
        "": {}
    },
    "patchouli": {
        "": {}
    },
    "projectintelligence": {
        "": {}
    },
    "projectred-core": {
        "": {}
    },
    "projectred-illumination": {
        "": {}
    },
    "supermartijn642corelib": {
        "": {}
    },
    "techguns": {
        "": {}
    },
    "thermalcultivation": {
        "": {}
    },
    "thermaldynamics": {
        "": {}
    },
    "thermalinnovation": {
        "": {}
    },
    "thutcore": {
        "": {}
    },
    "thutcore_compat": {
        "": {}
    },
    "thuttech": {
        "": {}
    },
    "xat": {
        "": {}
    },
    "uteamcore": {
        "": {}
    },
    "variedcommodities": {
        "": {}
    },
    "wailaharvestability": {
        "": {}
    },
    "warpdrive": {
        "": {}
    },
    "": {
        "": {}
    }
}