[
    {
        "name": "",
        "type": "",
        "enabled": true,
        "morph": "{EntityData:{ForgeData:{cnpcmarkdata:{marks:[]},xat.magicstats:{mana:100.0f,bonus_mana:0.0d,max_mana:100.0f}},RelativeAABB:[-0.30000001192092896d,0.0d,-0.3000000119208437d,0.30000001192092896d,1.7999999523162877d,0.3000000119208437d],ForgeCaps:{\"xat:magicstats\":{mana:100.0f,bonus_mana:0.0d,max_mana:100.0f},\"techguns:shootervalues\":{},\"twilightforest:cap_shield\":{permshields:0,tempshields:0},\"xat:statushandler\":{},\"techguns:genericnpcdata\":{}},PersistenceRequired:0b,AbsorptionAmount:0.0f,UpdateBlocked:0b},Scale:1.0f,Settings:{Hostile:1b},Name:\"techguns:zombieminer\"}"
    }
]