{
  "pueblomedieval": {
    "energyToOpen": 0,
    "keepAlive": 0,
    "milkyWayOrigins": {}
  },
  "Storage Cell": {
    "energyToOpen": 0,
    "keepAlive": 0,
    "milkyWayOrigins": {}
  },
  "planet.mars": {
    "energyToOpen": 11059200,
    "keepAlive": 4800,
    "groups": [],
    "milkyWayOrigins": {
      "NORMAL": 4
    }
  },
  "the_end": {
    "energyToOpen": 5529600,
    "keepAlive": 2400,
    "groups": [],
    "milkyWayOrigins": {
      "NORMAL": 1
    }
  },
  "the_nether": {
    "energyToOpen": 3686400,
    "keepAlive": 1600,
    "groups": [
      "netherOv"
    ],
    "milkyWayOrigins": {
      "NORMAL": 2
    }
  },
  "planet.nibiru": {
    "energyToOpen": 0,
    "keepAlive": 0,
    "milkyWayOrigins": {}
  },
  "twilight_forest": {
    "energyToOpen": 0,
    "keepAlive": 0,
    "milkyWayOrigins": {}
  },
  "planet.venus": {
    "energyToOpen": 12288000,
    "keepAlive": 5334,
    "groups": [],
    "milkyWayOrigins": {
      "NORMAL": 4
    }
  },
  "simplevoidworld": {
    "energyToOpen": 0,
    "keepAlive": 0,
    "milkyWayOrigins": {}
  },
  "planet.diona": {
    "energyToOpen": 0,
    "keepAlive": 0,
    "milkyWayOrigins": {}
  },
  "overworld": {
    "energyToOpen": 0,
    "keepAlive": 0,
    "groups": [
      "netherOv"
    ],
    "milkyWayOrigins": {}
  },
  "moon.moon": {
    "energyToOpen": 7372800,
    "keepAlive": 3200,
    "groups": [],
    "milkyWayOrigins": {}
  },
  "planet.fronos": {
    "energyToOpen": 0,
    "keepAlive": 0,
    "milkyWayOrigins": {}
  },
  "planet.asteroids": {
    "energyToOpen": 14745600,
    "keepAlive": 6400,
    "groups": [],
    "milkyWayOrigins": {}
  },
  "moon.koentus": {
    "energyToOpen": 0,
    "keepAlive": 0,
    "milkyWayOrigins": {}
  },
  "planet.chalos": {
    "energyToOpen": 0,
    "keepAlive": 0,
    "milkyWayOrigins": {}
  }
}